"feature","Estimate_group","pvalue","fdr","sign_group","method","vs","fold_change","log2FC"
"__","Group",0.793051079947995,0.881526427814173,"UC_after","Wilcoxon rank sum exact test","UC_before vs UC_after",0.886611023500904,-0.173626794812315
"s__","Group",0.369829845631371,0.881526427814173,"UC_after","Wilcoxon rank sum exact test","UC_before vs UC_after",0.802579649582804,-0.317283519654314
"s__ramosum","Group",0.249672953687232,0.813160972533475,"UC_after","Wilcoxon rank sum exact test","UC_before vs UC_after",0.806737588652482,-0.309828617312735
"s__prausnitzii","Group",0.765567388004175,0.881526427814173,"UC_after","Wilcoxon rank sum exact test","UC_before vs UC_after",0.854226186328479,-0.227309970371165
"s__gnavus","Group",0.648572898433948,0.881526427814173,"UC_before","Wilcoxon rank sum exact test","UC_before vs UC_after",1.36385688295937,0.44769226234035
"s__distasonis","Group",0.990308430076931,0.990308430076931,"UC_before","Wilcoxon rank sum exact test","UC_before vs UC_after",1.51679586563308,0.601026936965642
"s__formicilis","Group",0.837450106423465,0.881526427814173,"UC_before","Wilcoxon rank sum exact test","UC_before vs UC_after",1.07465181058496,0.10386929933869
"s__mucilaginosa","Group",0.0237911848920322,0.31721579856043,"UC_before","Wilcoxon rank sum exact test","UC_before vs UC_after",2.26017441860465,1.17643411031587
"s__lenta","Group",0.496181257095122,0.881526427814173,"UC_before","Wilcoxon rank sum exact test","UC_before vs UC_after",1.44985673352436,0.535910348484658
"s__helveticus","Group",0.588604424845854,0.881526427814173,"UC_before","Wilcoxon rank sum exact test","UC_before vs UC_after",1.86982667138309,0.902904541810395
"s__copri","Group",0.527999494024207,0.881526427814173,"UC_before","Wilcoxon rank sum exact test","UC_before vs UC_after",1.66310160427807,0.733876310242966
"s__muciniphila","Group",0.218691615829316,0.813160972533475,"UC_before","Wilcoxon rank sum exact test","UC_before vs UC_after",1.5916114790287,0.670488209194587
"s__ovatus","Group",0.327295471151948,0.881526427814173,"UC_before","Wilcoxon rank sum exact test","UC_before vs UC_after",1.32543585158695,0.406466848374247
"s__fragilis","Group",0.0232229143013158,0.31721579856043,"UC_before","Wilcoxon rank sum exact test","UC_before vs UC_after",3.20821114369501,1.68176909376838
"s__longicatena","Group",0.556076863046577,0.881526427814173,"UC_after","Wilcoxon rank sum exact test","UC_before vs UC_after",0.951557093425606,-0.0716378740886568
"s__longum","Group",0.760107431752081,0.881526427814173,"UC_after","Wilcoxon rank sum exact test","UC_before vs UC_after",0.730438460453969,-0.453165364004728
"s__adolescentis","Group",0.728628502971474,0.881526427814173,"UC_after","Wilcoxon rank sum exact test","UC_before vs UC_after",0.5777512347871,-0.791479656820467
"s__D168","Group",0.740988835725678,0.881526427814173,"UC_after","Wilcoxon rank sum exact test","UC_before vs UC_after",0.359375,-1.47643804394299
"s__parainfluenzae","Group",0.408437643687459,0.881526427814173,"UC_before","Wilcoxon rank sum exact test","UC_before vs UC_after",1.29118497109827,0.368695691404766
"s__viridiflava","Group",0.880121053441484,0.902688259939984,"UC_before","Wilcoxon rank sum exact test","UC_before vs UC_after",1.06414762741652,0.0896983073877469
"s__dispar","Group",0.33926774095341,0.881526427814173,"UC_before","Wilcoxon rank sum exact test","UC_before vs UC_after",4.75873015873016,2.25057664956058
"s__aerofaciens","Group",0.64608650295544,0.881526427814173,"UC_before","Wilcoxon rank sum exact test","UC_before vs UC_after",1.25216387766878,0.324423388171672
"s__plebeius","Group",0.800591967231917,0.881526427814173,"UC_after","Wilcoxon rank sum exact test","UC_before vs UC_after",0.850409836065574,-0.233769811328599
"s__producta","Group",0.199623699164649,0.813160972533475,"UC_before","Wilcoxon rank sum exact test","UC_before vs UC_after",1.56280064136825,0.644133752711653
"s__yabuuchiae","Group",0.574759465783435,0.881526427814173,"UC_before","Wilcoxon rank sum exact test","UC_before vs UC_after",1.14134275618375,0.190732111862042
"s__bromii","Group",0.123558574302011,0.680999097857994,"UC_after","Wilcoxon rank sum exact test","UC_before vs UC_after",0.460803059273423,-1.11777780001698
"s__biforme","Group",0.663659198445109,0.881526427814173,"UC_after","Wilcoxon rank sum exact test","UC_before vs UC_after",0.7001287001287,-0.514307947157371
"s__reuteri","Group",0.136199819571599,0.680999097857994,"UC_after","Wilcoxon rank sum exact test","UC_before vs UC_after",0.370434782608696,-1.4327085256059
"s__uniformis","Group",0.0387046422259607,0.387046422259607,"UC_before","Wilcoxon rank sum exact test","UC_before vs UC_after",1.93847487001733,0.954922032413636
"s__caccae","Group",0.0183936533898581,0.31721579856043,"UC_before","Wilcoxon rank sum exact test","UC_before vs UC_after",5.68421052631579,2.50695998871988
"s__formicigenerans","Group",0.518595379834633,0.881526427814173,"UC_before","Wilcoxon rank sum exact test","UC_before vs UC_after",1.11757501530925,0.160371673093047
"s__obeum","Group",0.673498955937407,0.881526427814173,"UC_after","Wilcoxon rank sum exact test","UC_before vs UC_after",0.608267716535433,-0.717221658867791
"s__torques","Group",0.491228070175439,0.881526427814173,"UC_after","Wilcoxon rank sum exact test","UC_before vs UC_after",0.431372549019608,-1.2129937233342
"s__eutactus","Group",0.236842105263158,0.813160972533475,"UC_before","Wilcoxon rank sum exact test","UC_before vs UC_after",1000,9.96578428466209
"s__parvula","Group",0.0503058422971985,0.402446738377588,"UC_before","Wilcoxon rank sum exact test","UC_before vs UC_after",6.34375,2.66533591718518
"s__palleronii","Group",0.835170370319198,0.881526427814173,"UC_after","Wilcoxon rank sum exact test","UC_before vs UC_after",0.657079646017699,-0.605859841614422
"s__mucosae","Group",0.105134299488774,0.680999097857994,"UC_after","Wilcoxon rank sum exact test","UC_before vs UC_after",0.575057736720554,-0.798221282658644
"s__putredinis","Group",0.45571002979146,0.881526427814173,"UC_before","Wilcoxon rank sum exact test","UC_before vs UC_after",3.74074074074074,1.90332398058833
"s__citroniae","Group",0.76035717889214,0.881526427814173,"UC_after","Wilcoxon rank sum exact test","UC_before vs UC_after",0.81549815498155,-0.29424648196244
"s__bifidum","Group",0.26427731607338,0.813160972533475,"UC_after","Wilcoxon rank sum exact test","UC_before vs UC_after",0.482758620689655,-1.05062607306997
